<?xml version="1.0"?>
<WFEnabledApplication xmlns:xsd="http://www.w3.org/2001/XMLSchema" xmlns:xsi="http://www.w3.org/2001/XMLSchema-instance" ID="813A0EDCEE472F841199D10A8EDAF97B" Name="DemoFileUploadDataEntity" Description="" Status="DRAFT" CreatedDate="2019-09-07T00:58:12.67" CreatedBy="nxone\VINNY.WINK" AppType="eForms" Visibility="PAAS" ContentType="application" DisplayName="DemoFileUploadDataEntity" AppLocale="customlocale" ParentApplicationId="">
  <Folder ID="813A0EDCEE472F841199D10A8EDAF97C" Name="Shared Resources" ProcGroupID="" AppID="813A0EDCEE472F841199D10A8EDAF97B" Description="" CreatedBy="nxone\VINNY.WINK" CreatedDate="2019-09-07T00:58:12.67" LastModifiedBy="" LastModifiedDate="0001-01-01T00:00:00Z" ContentType="Any" ParentFolderID="813A0EDCEE472F841199D10A8EDAF97B" DisplayName="Shared Resources">
    <Folder ID="813A0EDCEE472F841199D10A8EDAF97D" Name="Style Sheets" ProcGroupID="" AppID="813A0EDCEE472F841199D10A8EDAF97B" Description="" CreatedBy="nxone\VINNY.WINK" CreatedDate="2019-09-07T00:58:12.67" LastModifiedBy="" LastModifiedDate="0001-01-01T00:00:00Z" ContentType="application\CSS" ParentFolderID="813A0EDCEE472F841199D10A8EDAF97C" DisplayName="Style Sheets" />
    <Folder ID="813A0EDCEE472F841199D10A8EDAF97E" Name="JavaScript" ProcGroupID="" AppID="813A0EDCEE472F841199D10A8EDAF97B" Description="" CreatedBy="nxone\VINNY.WINK" CreatedDate="2019-09-07T00:58:12.67" LastModifiedBy="" LastModifiedDate="0001-01-01T00:00:00Z" ContentType="application\js" ParentFolderID="813A0EDCEE472F841199D10A8EDAF97C" DisplayName="JavaScript" />
    <Folder ID="813A0EDCEE472F841199D10A8EDAF97F" Name="Images" ProcGroupID="" AppID="813A0EDCEE472F841199D10A8EDAF97B" Description="" CreatedBy="nxone\VINNY.WINK" CreatedDate="2019-09-07T00:58:12.67" LastModifiedBy="" LastModifiedDate="0001-01-01T00:00:00Z" ContentType="application\image" ParentFolderID="813A0EDCEE472F841199D10A8EDAF97C" DisplayName="Images" />
    <Folder ID="813A0EDCEE472F841199D10A8EDAF980" Name="Access Tokens" ProcGroupID="" AppID="813A0EDCEE472F841199D10A8EDAF97B" Description="" CreatedBy="nxone\VINNY.WINK" CreatedDate="2019-09-07T00:58:12.67" LastModifiedBy="" LastModifiedDate="0001-01-01T00:00:00Z" ContentType="application\apptoken" ParentFolderID="813A0EDCEE472F841199D10A8EDAF97C" DisplayName="Access Tokens" />
    <Folder ID="813A0EDCEE472F841199D10A8EDAF981" Name="Application Resources" ProcGroupID="" AppID="813A0EDCEE472F841199D10A8EDAF97B" Description="" CreatedBy="nxone\VINNY.WINK" CreatedDate="2019-09-07T00:58:12.67" LastModifiedBy="" LastModifiedDate="0001-01-01T00:00:00Z" ContentType="application\applicationresources" ParentFolderID="813A0EDCEE472F841199D10A8EDAF97C" DisplayName="Application Resources" />
  </Folder>
  <Folder ID="813A0EDCEE472F841199D10A8EDAF982" Name="Processes" ProcGroupID="" AppID="813A0EDCEE472F841199D10A8EDAF97B" Description="" CreatedBy="nxone\VINNY.WINK" CreatedDate="2019-09-07T00:58:12.67" LastModifiedBy="" LastModifiedDate="0001-01-01T00:00:00Z" ContentType="application\processgroup" ParentFolderID="813A0EDCEE472F841199D10A8EDAF97B" DisplayName="Processes">
    <Folder ID="813A0EDCEE472F841199D10A8EDAF9A0" Name="DemoFileUploadDataEntity" ProcGroupID="" AppID="813A0EDCEE472F841199D10A8EDAF97B" Description="" CreatedBy="nxone\VINNY.WINK" CreatedDate="2019-09-07T00:58:12.903" LastModifiedBy="" LastModifiedDate="0001-01-01T00:00:00Z" ContentType="user\processgroup" ParentFolderID="813A0EDCEE472F841199D10A8EDAF982" DisplayName="DemoFileUploadDataEntity">
      <Folder ID="813A0EDCEE472F841199D10A8EDAF9A1" Name="Process Model" ProcGroupID="813A0EDCEE472F841199D10A8EDAF9A0" AppID="813A0EDCEE472F841199D10A8EDAF97B" Description="" CreatedBy="nxone\VINNY.WINK" CreatedDate="2019-09-07T00:58:12.903" LastModifiedBy="" LastModifiedDate="0001-01-01T00:00:00Z" ContentType="application\processmodel" ParentFolderID="813A0EDCEE472F841199D10A8EDAF9A0" DisplayName="Process Model">
        <File ID="813A0EDCEE472F841199D10F2896CBE0" Name="DemoFileUploadDataEntity" BaseFileID="813A0EDCEE472F841199D10C83D23F02" PrevVerFileID="813A0EDCEE472F841199D10C83D23F02" AppID="813A0EDCEE472F841199D10A8EDAF97B" ParentFolderID="813A0EDCEE472F841199D10A8EDAF9A1" ProcGroupID="813A0EDCEE472F841199D10A8EDAF9A0" Description="" Version="1.02" Status="DRAFT" ContentType="user\processmodel" CheckedOutBy="" CheckedOutDate="0001-01-01T00:00:00Z" CreatedDate="2019-09-07T01:31:05.86" CreatedBy="nxone\VINNY.WINK" LastModifiedDate="2019-09-07T01:44:21.467" LastModifiedBy="nxone\VINNY.WINK" ThemeID="" ExtraInfo="" DisplayName="DemoFileUploadDataEntity" />
      </Folder>
      <Folder ID="813A0EDCEE472F841199D10A8EDAF9A2" Name="Notification" ProcGroupID="813A0EDCEE472F841199D10A8EDAF9A0" AppID="813A0EDCEE472F841199D10A8EDAF97B" Description="" CreatedBy="nxone\VINNY.WINK" CreatedDate="2019-09-07T00:58:12.903" LastModifiedBy="" LastModifiedDate="0001-01-01T00:00:00Z" ContentType="application\notification" ParentFolderID="813A0EDCEE472F841199D10A8EDAF9A0" DisplayName="Notification">
        <Folder ID="813A0EDCEE472F841199D10A8EDAF9A3" Name="E-mails" ProcGroupID="813A0EDCEE472F841199D10A8EDAF9A0" AppID="813A0EDCEE472F841199D10A8EDAF97B" Description="" CreatedBy="nxone\VINNY.WINK" CreatedDate="2019-09-07T00:58:12.903" LastModifiedBy="" LastModifiedDate="0001-01-01T00:00:00Z" ContentType="application\email" ParentFolderID="813A0EDCEE472F841199D10A8EDAF9A2" DisplayName="E-mails">
          <File ID="813A0EDCEE472F841199D10C5A207BCA" Name="Notification" BaseFileID="813A0EDCEE472F841199D10C5A207BCA" PrevVerFileID="" AppID="813A0EDCEE472F841199D10A8EDAF97B" ParentFolderID="813A0EDCEE472F841199D10A8EDAF9A3" ProcGroupID="813A0EDCEE472F841199D10A8EDAF9A0" Description="" Version="1.0" Status="RELEASED" ContentType="user\email" CheckedOutBy="" CheckedOutDate="0001-01-01T00:00:00Z" CreatedDate="2019-09-07T01:11:00.48" CreatedBy="nxone\VINNY.WINK" LastModifiedDate="2019-09-07T01:11:00.48" LastModifiedBy="nxone\VINNY.WINK" ThemeID="" ExtraInfo="" DisplayName="Notification" />
          <File ID="813A0EDCEE472F841199D10C5A207BC8" Name="Reminder" BaseFileID="813A0EDCEE472F841199D10C5A207BC8" PrevVerFileID="" AppID="813A0EDCEE472F841199D10A8EDAF97B" ParentFolderID="813A0EDCEE472F841199D10A8EDAF9A3" ProcGroupID="813A0EDCEE472F841199D10A8EDAF9A0" Description="" Version="1.0" Status="RELEASED" ContentType="user\email" CheckedOutBy="" CheckedOutDate="0001-01-01T00:00:00Z" CreatedDate="2019-09-07T01:11:00.467" CreatedBy="nxone\VINNY.WINK" LastModifiedDate="2019-09-07T01:11:00.467" LastModifiedBy="nxone\VINNY.WINK" ThemeID="" ExtraInfo="" DisplayName="Reminder" />
          <File ID="813A0EDCEE472F841199D10C5A207BC9" Name="Confirmation" BaseFileID="813A0EDCEE472F841199D10C5A207BC9" PrevVerFileID="" AppID="813A0EDCEE472F841199D10A8EDAF97B" ParentFolderID="813A0EDCEE472F841199D10A8EDAF9A3" ProcGroupID="813A0EDCEE472F841199D10A8EDAF9A0" Description="" Version="1.0" Status="RELEASED" ContentType="user\email" CheckedOutBy="" CheckedOutDate="0001-01-01T00:00:00Z" CreatedDate="2019-09-07T01:11:00.467" CreatedBy="nxone\VINNY.WINK" LastModifiedDate="2019-09-07T01:11:00.467" LastModifiedBy="nxone\VINNY.WINK" ThemeID="" ExtraInfo="" DisplayName="Confirmation" />
          <File ID="813A0EDCEE472F841199D10C5A207BC7" Name="Thank You" BaseFileID="813A0EDCEE472F841199D10C5A207BC7" PrevVerFileID="" AppID="813A0EDCEE472F841199D10A8EDAF97B" ParentFolderID="813A0EDCEE472F841199D10A8EDAF9A3" ProcGroupID="813A0EDCEE472F841199D10A8EDAF9A0" Description="" Version="1.0" Status="RELEASED" ContentType="user\email" CheckedOutBy="" CheckedOutDate="0001-01-01T00:00:00Z" CreatedDate="2019-09-07T01:11:00.45" CreatedBy="nxone\VINNY.WINK" LastModifiedDate="2019-09-07T01:11:00.45" LastModifiedBy="nxone\VINNY.WINK" ThemeID="" ExtraInfo="" DisplayName="Thank You" />
        </Folder>
        <Folder ID="813A0EDCEE472F841199D10A8EDAF9A4" Name="Yammer" ProcGroupID="813A0EDCEE472F841199D10A8EDAF9A0" AppID="813A0EDCEE472F841199D10A8EDAF97B" Description="" CreatedBy="nxone\VINNY.WINK" CreatedDate="2019-09-07T00:58:12.903" LastModifiedBy="" LastModifiedDate="0001-01-01T00:00:00Z" ContentType="application\yammer" ParentFolderID="813A0EDCEE472F841199D10A8EDAF9A2" DisplayName="Yammer" />
        <Folder ID="813A0EDCEE472F841199D10A8EDAF9A5" Name="Chatter" ProcGroupID="813A0EDCEE472F841199D10A8EDAF9A0" AppID="813A0EDCEE472F841199D10A8EDAF97B" Description="" CreatedBy="nxone\VINNY.WINK" CreatedDate="2019-09-07T00:58:12.903" LastModifiedBy="" LastModifiedDate="0001-01-01T00:00:00Z" ContentType="application\chatter" ParentFolderID="813A0EDCEE472F841199D10A8EDAF9A2" DisplayName="Chatter" />
        <Folder ID="813A0EDCEE472F841199D10A8EDAF9A6" Name="Lync" ProcGroupID="813A0EDCEE472F841199D10A8EDAF9A0" AppID="813A0EDCEE472F841199D10A8EDAF97B" Description="" CreatedBy="nxone\VINNY.WINK" CreatedDate="2019-09-07T00:58:12.903" LastModifiedBy="" LastModifiedDate="0001-01-01T00:00:00Z" ContentType="application\lync" ParentFolderID="813A0EDCEE472F841199D10A8EDAF9A2" DisplayName="Skype for Business" />
        <Folder ID="813A0EDCEE472F841199D10A8EDAF9A7" Name="SMS" ProcGroupID="813A0EDCEE472F841199D10A8EDAF9A0" AppID="813A0EDCEE472F841199D10A8EDAF97B" Description="" CreatedBy="nxone\VINNY.WINK" CreatedDate="2019-09-07T00:58:12.903" LastModifiedBy="" LastModifiedDate="0001-01-01T00:00:00Z" ContentType="application\sms" ParentFolderID="813A0EDCEE472F841199D10A8EDAF9A2" DisplayName="SMS" />
        <Folder ID="813A0EDCEE472F841199D10C5A207BCB" Name="Attachment Repository" ProcGroupID="813A0EDCEE472F841199D10A8EDAF9A0" AppID="813A0EDCEE472F841199D10A8EDAF97B" Description="" CreatedBy="nxone\VINNY.WINK" CreatedDate="0001-01-01T00:00:00Z" LastModifiedBy="nxone\VINNY.WINK" LastModifiedDate="0001-01-01T00:00:00Z" ContentType="application\attachmentrepository" ParentFolderID="813A0EDCEE472F841199D10A8EDAF9A2" DisplayName="Attachment Repository" />
      </Folder>
      <Folder ID="813A0EDCEE472F841199D10A8EDAF9A8" Name="Data Model" ProcGroupID="813A0EDCEE472F841199D10A8EDAF9A0" AppID="813A0EDCEE472F841199D10A8EDAF97B" Description="" CreatedBy="nxone\VINNY.WINK" CreatedDate="2019-09-07T00:58:12.903" LastModifiedBy="" LastModifiedDate="0001-01-01T00:00:00Z" ContentType="application\datamodel" ParentFolderID="813A0EDCEE472F841199D10A8EDAF9A0" DisplayName="Data Model">
        <File ID="813A0EDCEE472F841199D10F2896CBDF" Name="Schema.xsd" BaseFileID="813A0EDCEE472F841199D10C83D23F01" PrevVerFileID="813A0EDCEE472F841199D10C83D23F01" AppID="813A0EDCEE472F841199D10A8EDAF97B" ParentFolderID="813A0EDCEE472F841199D10A8EDAF9A8" ProcGroupID="813A0EDCEE472F841199D10A8EDAF9A0" Description="" Version="1.03" Status="DRAFT" ContentType="user\datamodel" CheckedOutBy="" CheckedOutDate="0001-01-01T00:00:00Z" CreatedDate="2019-09-07T01:31:05.72" CreatedBy="nxone\VINNY.WINK" LastModifiedDate="2019-09-07T01:44:21.53" LastModifiedBy="nxone\VINNY.WINK" ThemeID="" ExtraInfo="[{&quot;Name&quot; : &quot;NamespaceUpdated&quot; , &quot;Value&quot; : &quot;True&quot;}]" DisplayName="Schema.xsd" />
        <File ID="813A0EDCEE472F841199D10C5A207BCD" Name="DemoFileUploadDataEntity" BaseFileID="813A0EDCEE472F841199D10C5A207BCD" PrevVerFileID="" AppID="813A0EDCEE472F841199D10A8EDAF97B" ParentFolderID="813A0EDCEE472F841199D10A8EDAF9A8" ProcGroupID="813A0EDCEE472F841199D10A8EDAF9A0" Description="Datasource DemoFileUploadDataEntity Schema" Version="1.0" Status="RELEASED" ContentType="user\apdataentitydatamodel" CheckedOutBy="" CheckedOutDate="0001-01-01T00:00:00Z" CreatedDate="2019-09-07T01:11:00.513" CreatedBy="nxone\VINNY.WINK" LastModifiedDate="2019-09-07T01:11:00.513" LastModifiedBy="nxone\VINNY.WINK" ThemeID="" ExtraInfo="" DisplayName="DemoFileUploadDataEntity" />
      </Folder>
      <Folder ID="813A0EDCEE472F841199D10A8EDAF9A9" Name="Data Source" ProcGroupID="813A0EDCEE472F841199D10A8EDAF9A0" AppID="813A0EDCEE472F841199D10A8EDAF97B" Description="" CreatedBy="nxone\VINNY.WINK" CreatedDate="2019-09-07T00:58:12.903" LastModifiedBy="" LastModifiedDate="0001-01-01T00:00:00Z" ContentType="application\datasources" ParentFolderID="813A0EDCEE472F841199D10A8EDAF9A0" DisplayName="Data Source">
        <File ID="813A0EDCEE472F841199D10C5A207BCE" Name="DemoFileUploadDataEntity" BaseFileID="813A0EDCEE472F841199D10C5A207BCE" PrevVerFileID="" AppID="813A0EDCEE472F841199D10A8EDAF97B" ParentFolderID="813A0EDCEE472F841199D10A8EDAF9A9" ProcGroupID="813A0EDCEE472F841199D10A8EDAF9A0" Description="" Version="1.0" Status="RELEASED" ContentType="user\APDataEntityDataSource" CheckedOutBy="" CheckedOutDate="0001-01-01T00:00:00Z" CreatedDate="2019-09-07T01:11:00.527" CreatedBy="nxone\VINNY.WINK" LastModifiedDate="2019-09-07T01:11:00.527" LastModifiedBy="nxone\VINNY.WINK" ThemeID="" ExtraInfo="" DisplayName="DemoFileUploadDataEntity" />
      </Folder>
      <Folder ID="813A0EDCEE472F841199D10A8EDAF9AA" Name="Library" ProcGroupID="813A0EDCEE472F841199D10A8EDAF9A0" AppID="813A0EDCEE472F841199D10A8EDAF97B" Description="" CreatedBy="nxone\VINNY.WINK" CreatedDate="2019-09-07T00:58:12.903" LastModifiedBy="" LastModifiedDate="0001-01-01T00:00:00Z" ContentType="application\taskformlibrary" ParentFolderID="813A0EDCEE472F841199D10A8EDAF9A0" DisplayName="Library">
        <File ID="813A0EDCEE472F841199D10C605B784A" Name="Form Library" BaseFileID="813A0EDCEE472F841199D10C605B784A" PrevVerFileID="" AppID="813A0EDCEE472F841199D10A8EDAF97B" ParentFolderID="813A0EDCEE472F841199D10A8EDAF9AA" ProcGroupID="813A0EDCEE472F841199D10A8EDAF9A0" Description="The form library contains all the controls added in the task forms in current process group." Version="1.01" Status="RELEASED" ContentType="user\taskformlibrary" CheckedOutBy="" CheckedOutDate="0001-01-01T00:00:00Z" CreatedDate="2019-09-07T01:11:19.277" CreatedBy="nxone\VINNY.WINK" LastModifiedDate="2019-09-07T01:12:13.51" LastModifiedBy="nxone\VINNY.WINK" ThemeID="" ExtraInfo="" DisplayName="Form Library" />
      </Folder>
      <Folder ID="813A0EDCEE472F841199D10A8EDAF9AB" Name="Forms" ProcGroupID="813A0EDCEE472F841199D10A8EDAF9A0" AppID="813A0EDCEE472F841199D10A8EDAF97B" Description="" CreatedBy="nxone\VINNY.WINK" CreatedDate="2019-09-07T00:58:12.903" LastModifiedBy="" LastModifiedDate="0001-01-01T00:00:00Z" ContentType="application\formsgroup" ParentFolderID="813A0EDCEE472F841199D10A8EDAF9A0" DisplayName="Forms">
        <Folder ID="813A0EDCEE472F841199D10A8EDAF9AC" Name="Task Forms" ProcGroupID="813A0EDCEE472F841199D10A8EDAF9A0" AppID="813A0EDCEE472F841199D10A8EDAF97B" Description="" CreatedBy="nxone\VINNY.WINK" CreatedDate="2019-09-07T00:58:12.903" LastModifiedBy="" LastModifiedDate="0001-01-01T00:00:00Z" ContentType="application\taskforms" ParentFolderID="813A0EDCEE472F841199D10A8EDAF9AB" DisplayName="Task Forms">
          <File ID="813A0EDCEE472F841199D10C605B7849" Name="Submit" BaseFileID="813A0EDCEE472F841199D10C605B7849" PrevVerFileID="" AppID="813A0EDCEE472F841199D10A8EDAF97B" ParentFolderID="813A0EDCEE472F841199D10A8EDAF9AC" ProcGroupID="813A0EDCEE472F841199D10A8EDAF9A0" Description="" Version="1.01" Status="RELEASED" ContentType="user\taskforms" CheckedOutBy="" CheckedOutDate="0001-01-01T00:00:00Z" CreatedDate="2019-09-07T01:11:19.167" CreatedBy="nxone\VINNY.WINK" LastModifiedDate="2019-09-07T01:12:13.137" LastModifiedBy="nxone\VINNY.WINK" ThemeID="" ExtraInfo="" DisplayName="Submit" />
        </Folder>
      </Folder>
      <Folder ID="813A0EDCEE472F841199D10A8EDAF9AD" Name="Lookups" ProcGroupID="813A0EDCEE472F841199D10A8EDAF9A0" AppID="813A0EDCEE472F841199D10A8EDAF97B" Description="" CreatedBy="nxone\VINNY.WINK" CreatedDate="2019-09-07T00:58:12.903" LastModifiedBy="" LastModifiedDate="0001-01-01T00:00:00Z" ContentType="application\lookup" ParentFolderID="813A0EDCEE472F841199D10A8EDAF9A0" DisplayName="Lookups" />
      <Folder ID="813A0EDCEE472F841199D10A8EDAF9AE" Name="Translation" ProcGroupID="813A0EDCEE472F841199D10A8EDAF9A0" AppID="813A0EDCEE472F841199D10A8EDAF97B" Description="" CreatedBy="nxone\VINNY.WINK" CreatedDate="2019-09-07T00:58:12.903" LastModifiedBy="" LastModifiedDate="0001-01-01T00:00:00Z" ContentType="application\translation" ParentFolderID="813A0EDCEE472F841199D10A8EDAF9A0" DisplayName="Translation" />
      <Folder ID="813A0EDCEE472F841199D10A8EDAF9AF" Name="Document Repository" ProcGroupID="813A0EDCEE472F841199D10A8EDAF9A0" AppID="813A0EDCEE472F841199D10A8EDAF97B" Description="" CreatedBy="nxone\VINNY.WINK" CreatedDate="2019-09-07T00:58:12.903" LastModifiedBy="" LastModifiedDate="0001-01-01T00:00:00Z" ContentType="application\documentrepository" ParentFolderID="813A0EDCEE472F841199D10A8EDAF9A0" DisplayName="Document Repository">
        <File ID="813A0EDCEE472F841199D10C718A31CE" Name="Upload Files" BaseFileID="813A0EDCEE472F841199D10C718A31CE" PrevVerFileID="" AppID="813A0EDCEE472F841199D10A8EDAF97B" ParentFolderID="813A0EDCEE472F841199D10A8EDAF9AF" ProcGroupID="813A0EDCEE472F841199D10A8EDAF9A0" Description="" Version="1.01" Status="RELEASED" ContentType="user\documentrepository" CheckedOutBy="" CheckedOutDate="0001-01-01T00:00:00Z" CreatedDate="2019-09-07T01:11:39.62" CreatedBy="nxone\VINNY.WINK" LastModifiedDate="2019-09-07T01:17:14.88" LastModifiedBy="nxone\VINNY.WINK" ThemeID="" ExtraInfo="" DisplayName="Upload Files" />
      </Folder>
      <Folder ID="813A0EDCEE472F841199D10A8EDAF9B0" Name="System Files" ProcGroupID="813A0EDCEE472F841199D10A8EDAF9A0" AppID="813A0EDCEE472F841199D10A8EDAF97B" Description="" CreatedBy="nxone\VINNY.WINK" CreatedDate="2019-09-07T00:58:12.903" LastModifiedBy="" LastModifiedDate="0001-01-01T00:00:00Z" ContentType="application\hidden" ParentFolderID="813A0EDCEE472F841199D10A8EDAF9A0" DisplayName="System Files" />
    </Folder>
  </Folder>
</WFEnabledApplication>