<?xml version="1.0"?>
<ArrayOfDataSourceAndAppFileAssociation xmlns:xsd="http://www.w3.org/2001/XMLSchema" xmlns:xsi="http://www.w3.org/2001/XMLSchema-instance">
  <DataSourceAndAppFileAssociation>
    <ID>813A0EDCEE472F841199D10D97C41919</ID>
    <AppName>DemoStudentCourseReportView</AppName>
    <FileName>Update DemoParent</FileName>
    <IsDefault>false</IsDefault>
    <ContentType>user\updateforms</ContentType>
    <DataSourceName>StudentCourseReportView</DataSourceName>
    <DefName>DemoStudentCourseReportView_Update DemoParent</DefName>
    <CreatedBy>nxone\VINNY.WINK</CreatedBy>
    <CreatedDate>2019-09-07T01:19:58.093</CreatedDate>
    <LastModifiedBy />
    <LastModifiedDate>0001-01-01T00:00:00Z</LastModifiedDate>
  </DataSourceAndAppFileAssociation>
  <DataSourceAndAppFileAssociation>
    <ID>813A0EDCEE472F841199D10D97C41920</ID>
    <AppName>DemoStudentCourseReportView</AppName>
    <FileName>All DemoParents</FileName>
    <IsDefault>true</IsDefault>
    <ContentType>user\views</ContentType>
    <DataSourceName>StudentCourseReportView</DataSourceName>
    <DefName>DemoStudentCourseReportView_All DemoParents</DefName>
    <CreatedBy>nxone\VINNY.WINK</CreatedBy>
    <CreatedDate>2019-09-07T01:19:58.923</CreatedDate>
    <LastModifiedBy>nxone\VINNY.WINK</LastModifiedBy>
    <LastModifiedDate>2019-09-07T01:39:19.24</LastModifiedDate>
  </DataSourceAndAppFileAssociation>
  <DataSourceAndAppFileAssociation>
    <ID>813A0EDCEE472F841199D10D97C41927</ID>
    <AppName>DemoStudentCourseReportView</AppName>
    <FileName>Recently Modified DemoParents</FileName>
    <IsDefault>false</IsDefault>
    <ContentType>user\views</ContentType>
    <DataSourceName>StudentCourseReportView</DataSourceName>
    <DefName>DemoStudentCourseReportView_Recently Modified DemoParents</DefName>
    <CreatedBy>nxone\VINNY.WINK</CreatedBy>
    <CreatedDate>2019-09-07T01:19:59.75</CreatedDate>
    <LastModifiedBy />
    <LastModifiedDate>0001-01-01T00:00:00Z</LastModifiedDate>
  </DataSourceAndAppFileAssociation>
  <DataSourceAndAppFileAssociation>
    <ID>813A0EDCEE472F841199D10D97C4192E</ID>
    <AppName>DemoStudentCourseReportView</AppName>
    <FileName>Recently Created DemoParents</FileName>
    <IsDefault>false</IsDefault>
    <ContentType>user\views</ContentType>
    <DataSourceName>StudentCourseReportView</DataSourceName>
    <DefName>DemoStudentCourseReportView_Recently Created DemoParents</DefName>
    <CreatedBy>nxone\VINNY.WINK</CreatedBy>
    <CreatedDate>2019-09-07T01:20:00.563</CreatedDate>
    <LastModifiedBy />
    <LastModifiedDate>0001-01-01T00:00:00Z</LastModifiedDate>
  </DataSourceAndAppFileAssociation>
  <DataSourceAndAppFileAssociation>
    <ID>813A0EDCEE472F841199D10D97C41938</ID>
    <AppName>DemoStudentCourseReportView</AppName>
    <FileName>New DemoParent</FileName>
    <IsDefault>false</IsDefault>
    <ContentType>user\newforms</ContentType>
    <DataSourceName>StudentCourseReportView</DataSourceName>
    <DefName>DemoStudentCourseReportView_New DemoParent</DefName>
    <CreatedBy>nxone\VINNY.WINK</CreatedBy>
    <CreatedDate>2019-09-07T01:20:02.063</CreatedDate>
    <LastModifiedBy />
    <LastModifiedDate>0001-01-01T00:00:00Z</LastModifiedDate>
  </DataSourceAndAppFileAssociation>
</ArrayOfDataSourceAndAppFileAssociation>