<?xml version="1.0"?>
<WFEnabledApplication xmlns:xsd="http://www.w3.org/2001/XMLSchema" xmlns:xsi="http://www.w3.org/2001/XMLSchema-instance" ID="813A0EDCEE472F841199D10D8C8FFD99" Name="DemoStudentCourseReportView" Description="" Status="RELEASED" CreatedDate="2019-09-07T01:19:34.453" CreatedBy="nxone\VINNY.WINK" AppType="StandaloneForms" Visibility="PAAS" ContentType="application" DisplayName="DemoStudentCourseReportView" AppLocale="customlocale" ParentApplicationId="">
  <Folder ID="813A0EDCEE472F841199D10D8C8FFD9A" Name="Shared Resources" ProcGroupID="" AppID="813A0EDCEE472F841199D10D8C8FFD99" Description="" CreatedBy="nxone\VINNY.WINK" CreatedDate="2019-09-07T01:19:34.453" LastModifiedBy="" LastModifiedDate="0001-01-01T00:00:00Z" ContentType="Any" ParentFolderID="813A0EDCEE472F841199D10D8C8FFD99" DisplayName="Shared Resources">
    <Folder ID="813A0EDCEE472F841199D10D8C8FFD9B" Name="Style Sheets" ProcGroupID="" AppID="813A0EDCEE472F841199D10D8C8FFD99" Description="" CreatedBy="nxone\VINNY.WINK" CreatedDate="2019-09-07T01:19:34.453" LastModifiedBy="" LastModifiedDate="0001-01-01T00:00:00Z" ContentType="application\CSS" ParentFolderID="813A0EDCEE472F841199D10D8C8FFD9A" DisplayName="Style Sheets" />
    <Folder ID="813A0EDCEE472F841199D10D8C8FFD9C" Name="JavaScript" ProcGroupID="" AppID="813A0EDCEE472F841199D10D8C8FFD99" Description="" CreatedBy="nxone\VINNY.WINK" CreatedDate="2019-09-07T01:19:34.453" LastModifiedBy="" LastModifiedDate="0001-01-01T00:00:00Z" ContentType="application\js" ParentFolderID="813A0EDCEE472F841199D10D8C8FFD9A" DisplayName="JavaScript" />
    <Folder ID="813A0EDCEE472F841199D10D8C8FFD9D" Name="Images" ProcGroupID="" AppID="813A0EDCEE472F841199D10D8C8FFD99" Description="" CreatedBy="nxone\VINNY.WINK" CreatedDate="2019-09-07T01:19:34.453" LastModifiedBy="" LastModifiedDate="0001-01-01T00:00:00Z" ContentType="application\image" ParentFolderID="813A0EDCEE472F841199D10D8C8FFD9A" DisplayName="Images" />
    <Folder ID="813A0EDCEE472F841199D10D8C8FFD9E" Name="Access Tokens" ProcGroupID="" AppID="813A0EDCEE472F841199D10D8C8FFD99" Description="" CreatedBy="nxone\VINNY.WINK" CreatedDate="2019-09-07T01:19:34.453" LastModifiedBy="" LastModifiedDate="0001-01-01T00:00:00Z" ContentType="application\apptoken" ParentFolderID="813A0EDCEE472F841199D10D8C8FFD9A" DisplayName="Access Tokens" />
    <Folder ID="813A0EDCEE472F841199D10D8C8FFD9F" Name="Application Resources" ProcGroupID="" AppID="813A0EDCEE472F841199D10D8C8FFD99" Description="" CreatedBy="nxone\VINNY.WINK" CreatedDate="2019-09-07T01:19:34.453" LastModifiedBy="" LastModifiedDate="0001-01-01T00:00:00Z" ContentType="application\applicationresources" ParentFolderID="813A0EDCEE472F841199D10D8C8FFD9A" DisplayName="Application Resources" />
  </Folder>
  <Folder ID="813A0EDCEE472F841199D10D8C8FFDBD" Name="App Model &amp; Resources" ProcGroupID="" AppID="813A0EDCEE472F841199D10D8C8FFD99" Description="" CreatedBy="nxone\VINNY.WINK" CreatedDate="2019-09-07T01:19:34.673" LastModifiedBy="" LastModifiedDate="0001-01-01T00:00:00Z" ContentType="user\processgroup" ParentFolderID="813A0EDCEE472F841199D10D8C8FFD99" DisplayName="App Model &amp; Resources">
    <Folder ID="813A0EDCEE472F841199D10D8C8FFDBE" Name="Data Model" ProcGroupID="813A0EDCEE472F841199D10D8C8FFDBD" AppID="813A0EDCEE472F841199D10D8C8FFD99" Description="" CreatedBy="nxone\VINNY.WINK" CreatedDate="2019-09-07T01:19:34.673" LastModifiedBy="" LastModifiedDate="0001-01-01T00:00:00Z" ContentType="application\datamodel" ParentFolderID="813A0EDCEE472F841199D10D8C8FFDBD" DisplayName="Data Model">
      <File ID="813A0EDCEE472F841199D11042E2A127" Name="Schema.xsd" BaseFileID="813A0EDCEE472F841199D10DC5D8CAE0" PrevVerFileID="813A0EDCEE472F841199D10DC5D8CAE0" AppID="813A0EDCEE472F841199D10D8C8FFD99" ParentFolderID="813A0EDCEE472F841199D10D8C8FFDBE" ProcGroupID="813A0EDCEE472F841199D10D8C8FFDBD" Description="" Version="1.04" Status="RELEASED" ContentType="user\datamodel" CheckedOutBy="" CheckedOutDate="0001-01-01T00:00:00Z" CreatedDate="2019-09-07T01:38:59.333" CreatedBy="nxone\VINNY.WINK" LastModifiedDate="2019-09-07T01:39:14.147" LastModifiedBy="nxone\VINNY.WINK" ThemeID="" ExtraInfo="[{&quot;Name&quot; : &quot;NamespaceUpdated&quot; , &quot;Value&quot; : &quot;True&quot;}]" DisplayName="Schema.xsd" />
      <File ID="813A0EDCEE472F841199D10D97C41941" Name="StudentCourseReportView" BaseFileID="813A0EDCEE472F841199D10D97C41941" PrevVerFileID="" AppID="813A0EDCEE472F841199D10D8C8FFD99" ParentFolderID="813A0EDCEE472F841199D10D8C8FFDBE" ProcGroupID="813A0EDCEE472F841199D10D8C8FFDBD" Description="Datasource StudentCourseReportView Schema" Version="1.01" Status="RELEASED" ContentType="user\apdataentitydatamodel" CheckedOutBy="" CheckedOutDate="0001-01-01T00:00:00Z" CreatedDate="2019-09-07T01:20:02.767" CreatedBy="nxone\VINNY.WINK" LastModifiedDate="2019-09-07T01:21:58.903" LastModifiedBy="nxone\VINNY.WINK" ThemeID="" ExtraInfo="" DisplayName="StudentCourseReportView" />
    </Folder>
    <Folder ID="813A0EDCEE472F841199D10D8C8FFDBF" Name="Data Source" ProcGroupID="813A0EDCEE472F841199D10D8C8FFDBD" AppID="813A0EDCEE472F841199D10D8C8FFD99" Description="" CreatedBy="nxone\VINNY.WINK" CreatedDate="2019-09-07T01:19:34.673" LastModifiedBy="" LastModifiedDate="0001-01-01T00:00:00Z" ContentType="application\datasources" ParentFolderID="813A0EDCEE472F841199D10D8C8FFDBD" DisplayName="Data Source">
      <File ID="813A0EDCEE472F841199D10D97C4193E" Name="StudentCourseReportView" BaseFileID="813A0EDCEE472F841199D10D97C4193E" PrevVerFileID="" AppID="813A0EDCEE472F841199D10D8C8FFD99" ParentFolderID="813A0EDCEE472F841199D10D8C8FFDBF" ProcGroupID="813A0EDCEE472F841199D10D8C8FFDBD" Description="" Version="1.01" Status="RELEASED" ContentType="user\APDataEntityDataSource" CheckedOutBy="" CheckedOutDate="0001-01-01T00:00:00Z" CreatedDate="2019-09-07T01:20:02.593" CreatedBy="nxone\VINNY.WINK" LastModifiedDate="2019-09-07T01:21:58.967" LastModifiedBy="nxone\VINNY.WINK" ThemeID="" ExtraInfo="" DisplayName="StudentCourseReportView" />
    </Folder>
    <Folder ID="813A0EDCEE472F841199D10D8C8FFDC0" Name="Library" ProcGroupID="813A0EDCEE472F841199D10D8C8FFDBD" AppID="813A0EDCEE472F841199D10D8C8FFD99" Description="" CreatedBy="nxone\VINNY.WINK" CreatedDate="2019-09-07T01:19:34.673" LastModifiedBy="" LastModifiedDate="0001-01-01T00:00:00Z" ContentType="application\taskformlibrary" ParentFolderID="813A0EDCEE472F841199D10D8C8FFDBD" DisplayName="Library">
      <File ID="813A0EDCEE472F841199D11042E2A128" Name="Form Library" BaseFileID="813A0EDCEE472F841199D10DC5D8CAE1" PrevVerFileID="813A0EDCEE472F841199D10DC5D8CAE1" AppID="813A0EDCEE472F841199D10D8C8FFD99" ParentFolderID="813A0EDCEE472F841199D10D8C8FFDC0" ProcGroupID="813A0EDCEE472F841199D10D8C8FFDBD" Description="" Version="1.04" Status="RELEASED" ContentType="user\taskformlibrary" CheckedOutBy="" CheckedOutDate="0001-01-01T00:00:00Z" CreatedDate="2019-09-07T01:38:59.427" CreatedBy="nxone\VINNY.WINK" LastModifiedDate="2019-09-07T01:39:13.647" LastModifiedBy="nxone\VINNY.WINK" ThemeID="" ExtraInfo="" DisplayName="Form Library" />
    </Folder>
    <Folder ID="813A0EDCEE472F841199D10D8C8FFDC1" Name="Forms" ProcGroupID="813A0EDCEE472F841199D10D8C8FFDBD" AppID="813A0EDCEE472F841199D10D8C8FFD99" Description="" CreatedBy="nxone\VINNY.WINK" CreatedDate="2019-09-07T01:19:34.673" LastModifiedBy="" LastModifiedDate="0001-01-01T00:00:00Z" ContentType="application\formsgroup" ParentFolderID="813A0EDCEE472F841199D10D8C8FFDBD" DisplayName="Forms">
      <Folder ID="813A0EDCEE472F841199D10D8C8FFDC2" Name="New" ProcGroupID="813A0EDCEE472F841199D10D8C8FFDBD" AppID="813A0EDCEE472F841199D10D8C8FFD99" Description="" CreatedBy="nxone\VINNY.WINK" CreatedDate="2019-09-07T01:19:34.673" LastModifiedBy="" LastModifiedDate="0001-01-01T00:00:00Z" ContentType="application\newforms" ParentFolderID="813A0EDCEE472F841199D10D8C8FFDC1" DisplayName="New">
        <File ID="813A0EDCEE472F841199D11042E2A129" Name="New DemoParent" BaseFileID="813A0EDCEE472F841199D10D97C41937" PrevVerFileID="813A0EDCEE472F841199D10D97C41937" AppID="813A0EDCEE472F841199D10D8C8FFD99" ParentFolderID="813A0EDCEE472F841199D10D8C8FFDC2" ProcGroupID="813A0EDCEE472F841199D10D8C8FFDBD" Description="" Version="1.02" Status="RELEASED" ContentType="user\newforms" CheckedOutBy="" CheckedOutDate="0001-01-01T00:00:00Z" CreatedDate="2019-09-07T01:38:59.443" CreatedBy="nxone\VINNY.WINK" LastModifiedDate="2019-09-07T01:39:12.99" LastModifiedBy="nxone\VINNY.WINK" ThemeID="" ExtraInfo="" DisplayName="New DemoParent" />
      </Folder>
      <Folder ID="813A0EDCEE472F841199D10D8C8FFDC3" Name="Update" ProcGroupID="813A0EDCEE472F841199D10D8C8FFDBD" AppID="813A0EDCEE472F841199D10D8C8FFD99" Description="" CreatedBy="nxone\VINNY.WINK" CreatedDate="2019-09-07T01:19:34.673" LastModifiedBy="" LastModifiedDate="0001-01-01T00:00:00Z" ContentType="application\updateforms" ParentFolderID="813A0EDCEE472F841199D10D8C8FFDC1" DisplayName="Update">
        <File ID="813A0EDCEE472F841199D11031FDD09F" Name="Update DemoParent" BaseFileID="813A0EDCEE472F841199D10D97C41918" PrevVerFileID="813A0EDCEE472F841199D10D97C41918" AppID="813A0EDCEE472F841199D10D8C8FFD99" ParentFolderID="813A0EDCEE472F841199D10D8C8FFDC3" ProcGroupID="813A0EDCEE472F841199D10D8C8FFDBD" Description="" Version="1.02" Status="RELEASED" ContentType="user\updateforms" CheckedOutBy="" CheckedOutDate="0001-01-01T00:00:00Z" CreatedDate="2019-09-07T01:38:31.1" CreatedBy="nxone\VINNY.WINK" LastModifiedDate="2019-09-07T01:38:54.333" LastModifiedBy="nxone\VINNY.WINK" ThemeID="" ExtraInfo="" DisplayName="Update DemoParent" />
      </Folder>
      <Folder ID="813A0EDCEE472F841199D10D8C8FFDC4" Name="Widgets" ProcGroupID="813A0EDCEE472F841199D10D8C8FFDBD" AppID="813A0EDCEE472F841199D10D8C8FFD99" Description="" CreatedBy="nxone\VINNY.WINK" CreatedDate="2019-09-07T01:19:34.673" LastModifiedBy="" LastModifiedDate="0001-01-01T00:00:00Z" ContentType="application\widgets" ParentFolderID="813A0EDCEE472F841199D10D8C8FFDC1" DisplayName="Widgets" />
      <Folder ID="813A0EDCEE472F841199D10D8C8FFDC5" Name="Views" ProcGroupID="813A0EDCEE472F841199D10D8C8FFDBD" AppID="813A0EDCEE472F841199D10D8C8FFD99" Description="" CreatedBy="nxone\VINNY.WINK" CreatedDate="2019-09-07T01:19:34.673" LastModifiedBy="" LastModifiedDate="0001-01-01T00:00:00Z" ContentType="application\views" ParentFolderID="813A0EDCEE472F841199D10D8C8FFDC1" DisplayName="Views">
        <File ID="813A0EDCEE472F841199D10D97C4191F" Name="All DemoParents" BaseFileID="813A0EDCEE472F841199D10D97C4191F" PrevVerFileID="" AppID="813A0EDCEE472F841199D10D8C8FFD99" ParentFolderID="813A0EDCEE472F841199D10D8C8FFDC5" ProcGroupID="813A0EDCEE472F841199D10D8C8FFDBD" Description="" Version="1.01" Status="RELEASED" ContentType="user\views" CheckedOutBy="" CheckedOutDate="0001-01-01T00:00:00Z" CreatedDate="2019-09-07T01:19:58.687" CreatedBy="nxone\VINNY.WINK" LastModifiedDate="2019-09-07T01:21:59.013" LastModifiedBy="nxone\VINNY.WINK" ThemeID="" ExtraInfo="" DisplayName="All DemoParents" />
        <File ID="813A0EDCEE472F841199D10D97C41926" Name="Recently Modified DemoParents" BaseFileID="813A0EDCEE472F841199D10D97C41926" PrevVerFileID="" AppID="813A0EDCEE472F841199D10D8C8FFD99" ParentFolderID="813A0EDCEE472F841199D10D8C8FFDC5" ProcGroupID="813A0EDCEE472F841199D10D8C8FFDBD" Description="" Version="1.01" Status="RELEASED" ContentType="user\views" CheckedOutBy="" CheckedOutDate="0001-01-01T00:00:00Z" CreatedDate="2019-09-07T01:19:59.517" CreatedBy="nxone\VINNY.WINK" LastModifiedDate="2019-09-07T01:21:58.997" LastModifiedBy="nxone\VINNY.WINK" ThemeID="" ExtraInfo="" DisplayName="Recently Modified DemoParents" />
        <File ID="813A0EDCEE472F841199D10D97C4192D" Name="Recently Created DemoParents" BaseFileID="813A0EDCEE472F841199D10D97C4192D" PrevVerFileID="" AppID="813A0EDCEE472F841199D10D8C8FFD99" ParentFolderID="813A0EDCEE472F841199D10D8C8FFDC5" ProcGroupID="813A0EDCEE472F841199D10D8C8FFDBD" Description="" Version="1.01" Status="RELEASED" ContentType="user\views" CheckedOutBy="" CheckedOutDate="0001-01-01T00:00:00Z" CreatedDate="2019-09-07T01:20:00.343" CreatedBy="nxone\VINNY.WINK" LastModifiedDate="2019-09-07T01:21:58.983" LastModifiedBy="nxone\VINNY.WINK" ThemeID="" ExtraInfo="" DisplayName="Recently Created DemoParents" />
      </Folder>
    </Folder>
    <Folder ID="813A0EDCEE472F841199D10D8C8FFDC6" Name="Lookups" ProcGroupID="813A0EDCEE472F841199D10D8C8FFDBD" AppID="813A0EDCEE472F841199D10D8C8FFD99" Description="" CreatedBy="nxone\VINNY.WINK" CreatedDate="2019-09-07T01:19:34.673" LastModifiedBy="" LastModifiedDate="0001-01-01T00:00:00Z" ContentType="application\lookup" ParentFolderID="813A0EDCEE472F841199D10D8C8FFDBD" DisplayName="Lookups">
      <File ID="813A0EDCEE472F841199D10D97C41944" Name="GetDemoParents" BaseFileID="813A0EDCEE472F841199D10D97C41944" PrevVerFileID="" AppID="813A0EDCEE472F841199D10D8C8FFD99" ParentFolderID="813A0EDCEE472F841199D10D8C8FFDC6" ProcGroupID="813A0EDCEE472F841199D10D8C8FFDBD" Description="" Version="1.01" Status="RELEASED" ContentType="user\lookupmulticolumn" CheckedOutBy="" CheckedOutDate="0001-01-01T00:00:00Z" CreatedDate="2019-09-07T01:20:02.983" CreatedBy="nxone\VINNY.WINK" LastModifiedDate="2019-09-07T01:21:59.077" LastModifiedBy="nxone\VINNY.WINK" ThemeID="" ExtraInfo="" DisplayName="GetDemoParents" />
      <File ID="813A0EDCEE472F841199D10D97C41947" Name="GetDemoParentsRecentlyCreated" BaseFileID="813A0EDCEE472F841199D10D97C41947" PrevVerFileID="" AppID="813A0EDCEE472F841199D10D8C8FFD99" ParentFolderID="813A0EDCEE472F841199D10D8C8FFDC6" ProcGroupID="813A0EDCEE472F841199D10D8C8FFDBD" Description="" Version="1.01" Status="RELEASED" ContentType="user\lookupmulticolumn" CheckedOutBy="" CheckedOutDate="0001-01-01T00:00:00Z" CreatedDate="2019-09-07T01:20:03.233" CreatedBy="nxone\VINNY.WINK" LastModifiedDate="2019-09-07T01:21:59.043" LastModifiedBy="nxone\VINNY.WINK" ThemeID="" ExtraInfo="" DisplayName="GetDemoParentsRecentlyCreated" />
      <File ID="813A0EDCEE472F841199D10D9DCD0529" Name="GetDemoParentsRecentlyModified" BaseFileID="813A0EDCEE472F841199D10D9DCD0529" PrevVerFileID="" AppID="813A0EDCEE472F841199D10D8C8FFD99" ParentFolderID="813A0EDCEE472F841199D10D8C8FFDC6" ProcGroupID="813A0EDCEE472F841199D10D8C8FFDBD" Description="" Version="1.01" Status="RELEASED" ContentType="user\lookupmulticolumn" CheckedOutBy="" CheckedOutDate="0001-01-01T00:00:00Z" CreatedDate="2019-09-07T01:20:03.47" CreatedBy="nxone\VINNY.WINK" LastModifiedDate="2019-09-07T01:21:59.03" LastModifiedBy="nxone\VINNY.WINK" ThemeID="" ExtraInfo="" DisplayName="GetDemoParentsRecentlyModified" />
    </Folder>
    <Folder ID="813A0EDCEE472F841199D10D8C8FFDC7" Name="Translation" ProcGroupID="813A0EDCEE472F841199D10D8C8FFDBD" AppID="813A0EDCEE472F841199D10D8C8FFD99" Description="" CreatedBy="nxone\VINNY.WINK" CreatedDate="2019-09-07T01:19:34.673" LastModifiedBy="" LastModifiedDate="0001-01-01T00:00:00Z" ContentType="application\translation" ParentFolderID="813A0EDCEE472F841199D10D8C8FFDBD" DisplayName="Translation" />
    <Folder ID="813A0EDCEE472F841199D10D8C8FFDC8" Name="Document Repository" ProcGroupID="813A0EDCEE472F841199D10D8C8FFDBD" AppID="813A0EDCEE472F841199D10D8C8FFD99" Description="" CreatedBy="nxone\VINNY.WINK" CreatedDate="2019-09-07T01:19:34.673" LastModifiedBy="" LastModifiedDate="0001-01-01T00:00:00Z" ContentType="application\documentrepository" ParentFolderID="813A0EDCEE472F841199D10D8C8FFDBD" DisplayName="Document Repository" />
    <Folder ID="813A0EDCEE472F841199D10D8C8FFDC9" Name="System Files" ProcGroupID="813A0EDCEE472F841199D10D8C8FFDBD" AppID="813A0EDCEE472F841199D10D8C8FFD99" Description="" CreatedBy="nxone\VINNY.WINK" CreatedDate="2019-09-07T01:19:34.673" LastModifiedBy="" LastModifiedDate="0001-01-01T00:00:00Z" ContentType="application\hidden" ParentFolderID="813A0EDCEE472F841199D10D8C8FFDBD" DisplayName="System Files" />
    <Folder ID="813A0EDCEE472F841199D10D8C8FFDCA" Name="Process Model" ProcGroupID="813A0EDCEE472F841199D10D8C8FFDBD" AppID="813A0EDCEE472F841199D10D8C8FFD99" Description="" CreatedBy="nxone\VINNY.WINK" CreatedDate="2019-09-07T01:19:34.673" LastModifiedBy="" LastModifiedDate="0001-01-01T00:00:00Z" ContentType="application\processmodel" ParentFolderID="813A0EDCEE472F841199D10D8C8FFDBD" DisplayName="Process Model">
      <File ID="813A0EDCEE472F841199D10D97C4191C" Name="DemoStudentCourseReportView_Update DemoParent" BaseFileID="813A0EDCEE472F841199D10D97C4191C" PrevVerFileID="" AppID="813A0EDCEE472F841199D10D8C8FFD99" ParentFolderID="813A0EDCEE472F841199D10D8C8FFDCA" ProcGroupID="813A0EDCEE472F841199D10D8C8FFDBD" Description="" Version="1.01" Status="RELEASED" ContentType="user\processmodel" CheckedOutBy="" CheckedOutDate="0001-01-01T00:00:00Z" CreatedDate="2019-09-07T01:19:58.25" CreatedBy="nxone\VINNY.WINK" LastModifiedDate="2019-09-07T01:21:59.153" LastModifiedBy="nxone\VINNY.WINK" ThemeID="" ExtraInfo="" DisplayName="Update DemoParent" />
      <File ID="813A0EDCEE472F841199D10D97C41923" Name="DemoStudentCourseReportView_All DemoParents" BaseFileID="813A0EDCEE472F841199D10D97C41923" PrevVerFileID="" AppID="813A0EDCEE472F841199D10D8C8FFD99" ParentFolderID="813A0EDCEE472F841199D10D8C8FFDCA" ProcGroupID="813A0EDCEE472F841199D10D8C8FFDBD" Description="" Version="1.01" Status="RELEASED" ContentType="user\processmodel" CheckedOutBy="" CheckedOutDate="0001-01-01T00:00:00Z" CreatedDate="2019-09-07T01:19:59.093" CreatedBy="nxone\VINNY.WINK" LastModifiedDate="2019-09-07T01:21:59.137" LastModifiedBy="nxone\VINNY.WINK" ThemeID="" ExtraInfo="" DisplayName="All DemoParents" />
      <File ID="813A0EDCEE472F841199D10D97C4192A" Name="DemoStudentCourseReportView_Recently Modified DemoParents" BaseFileID="813A0EDCEE472F841199D10D97C4192A" PrevVerFileID="" AppID="813A0EDCEE472F841199D10D8C8FFD99" ParentFolderID="813A0EDCEE472F841199D10D8C8FFDCA" ProcGroupID="813A0EDCEE472F841199D10D8C8FFDBD" Description="" Version="1.01" Status="RELEASED" ContentType="user\processmodel" CheckedOutBy="" CheckedOutDate="0001-01-01T00:00:00Z" CreatedDate="2019-09-07T01:19:59.923" CreatedBy="nxone\VINNY.WINK" LastModifiedDate="2019-09-07T01:21:59.123" LastModifiedBy="nxone\VINNY.WINK" ThemeID="" ExtraInfo="" DisplayName="Recently Modified DemoParents" />
      <File ID="813A0EDCEE472F841199D10D97C41931" Name="DemoStudentCourseReportView_Recently Created DemoParents" BaseFileID="813A0EDCEE472F841199D10D97C41931" PrevVerFileID="" AppID="813A0EDCEE472F841199D10D8C8FFD99" ParentFolderID="813A0EDCEE472F841199D10D8C8FFDCA" ProcGroupID="813A0EDCEE472F841199D10D8C8FFDBD" Description="" Version="1.01" Status="RELEASED" ContentType="user\processmodel" CheckedOutBy="" CheckedOutDate="0001-01-01T00:00:00Z" CreatedDate="2019-09-07T01:20:00.733" CreatedBy="nxone\VINNY.WINK" LastModifiedDate="2019-09-07T01:21:59.107" LastModifiedBy="nxone\VINNY.WINK" ThemeID="" ExtraInfo="" DisplayName="Recently Created DemoParents" />
      <File ID="813A0EDCEE472F841199D10D97C4193B" Name="DemoStudentCourseReportView_New DemoParent" BaseFileID="813A0EDCEE472F841199D10D97C4193B" PrevVerFileID="" AppID="813A0EDCEE472F841199D10D8C8FFD99" ParentFolderID="813A0EDCEE472F841199D10D8C8FFDCA" ProcGroupID="813A0EDCEE472F841199D10D8C8FFDBD" Description="" Version="1.01" Status="RELEASED" ContentType="user\processmodel" CheckedOutBy="" CheckedOutDate="0001-01-01T00:00:00Z" CreatedDate="2019-09-07T01:20:02.233" CreatedBy="nxone\VINNY.WINK" LastModifiedDate="2019-09-07T01:21:59.09" LastModifiedBy="nxone\VINNY.WINK" ThemeID="" ExtraInfo="" DisplayName="New DemoParent" />
    </Folder>
  </Folder>
</WFEnabledApplication>