<?xml version="1.0"?>
<WFEnabledApplication xmlns:xsd="http://www.w3.org/2001/XMLSchema" xmlns:xsi="http://www.w3.org/2001/XMLSchema-instance" ID="648293B79A0DE5118324000C293C0BF7" Name="07062015_LoopingTest" Description="" Status="RELEASED" CreatedDate="2015-06-07T21:56:27.07" CreatedBy="demo3\administrator" AppType="eForms" Visibility="PAAS" ContentType="application" DisplayName="07062015_LoopingTest">
  <Folder ID="658293B79A0DE5118324000C293C0BF7" Name="Shared Resources" ProcGroupID="" AppID="648293B79A0DE5118324000C293C0BF7" Description="" CreatedBy="demo3\administrator" CreatedDate="2015-06-07T21:56:27.07" LastModifiedBy="" LastModifiedDate="0001-01-01T00:00:00Z" ContentType="Any" ParentFolderID="648293B79A0DE5118324000C293C0BF7" DisplayName="Shared Resources">
    <Folder ID="668293B79A0DE5118324000C293C0BF7" Name="Style Sheets" ProcGroupID="" AppID="648293B79A0DE5118324000C293C0BF7" Description="" CreatedBy="demo3\administrator" CreatedDate="2015-06-07T21:56:27.07" LastModifiedBy="" LastModifiedDate="0001-01-01T00:00:00Z" ContentType="application\CSS" ParentFolderID="658293B79A0DE5118324000C293C0BF7" DisplayName="Style Sheets" />
    <Folder ID="678293B79A0DE5118324000C293C0BF7" Name="JavaScript" ProcGroupID="" AppID="648293B79A0DE5118324000C293C0BF7" Description="" CreatedBy="demo3\administrator" CreatedDate="2015-06-07T21:56:27.07" LastModifiedBy="" LastModifiedDate="0001-01-01T00:00:00Z" ContentType="application\js" ParentFolderID="658293B79A0DE5118324000C293C0BF7" DisplayName="JavaScript" />
    <Folder ID="688293B79A0DE5118324000C293C0BF7" Name="Images" ProcGroupID="" AppID="648293B79A0DE5118324000C293C0BF7" Description="" CreatedBy="demo3\administrator" CreatedDate="2015-06-07T21:56:27.07" LastModifiedBy="" LastModifiedDate="0001-01-01T00:00:00Z" ContentType="application\image" ParentFolderID="658293B79A0DE5118324000C293C0BF7" DisplayName="Images" />
    <Folder ID="698293B79A0DE5118324000C293C0BF7" Name="Access Tokens" ProcGroupID="" AppID="648293B79A0DE5118324000C293C0BF7" Description="" CreatedBy="demo3\administrator" CreatedDate="2015-06-07T21:56:27.07" LastModifiedBy="" LastModifiedDate="0001-01-01T00:00:00Z" ContentType="application\apptoken" ParentFolderID="658293B79A0DE5118324000C293C0BF7" DisplayName="Access Tokens" />
    <Folder ID="6A8293B79A0DE5118324000C293C0BF7" Name="Lookups" ProcGroupID="" AppID="648293B79A0DE5118324000C293C0BF7" Description="" CreatedBy="demo3\administrator" CreatedDate="2015-06-07T21:56:27.07" LastModifiedBy="" LastModifiedDate="0001-01-01T00:00:00Z" ContentType="application\lookup" ParentFolderID="658293B79A0DE5118324000C293C0BF7" DisplayName="Lookups" />
    <Folder ID="6B8293B79A0DE5118324000C293C0BF7" Name="Document Repository" ProcGroupID="" AppID="648293B79A0DE5118324000C293C0BF7" Description="" CreatedBy="demo3\administrator" CreatedDate="2015-06-07T21:56:27.07" LastModifiedBy="" LastModifiedDate="0001-01-01T00:00:00Z" ContentType="application\documentrepository" ParentFolderID="658293B79A0DE5118324000C293C0BF7" DisplayName="Document Repository" />
  </Folder>
  <Folder ID="6C8293B79A0DE5118324000C293C0BF7" Name="Processes" ProcGroupID="" AppID="648293B79A0DE5118324000C293C0BF7" Description="" CreatedBy="demo3\administrator" CreatedDate="2015-06-07T21:56:27.07" LastModifiedBy="" LastModifiedDate="0001-01-01T00:00:00Z" ContentType="application\processgroup" ParentFolderID="648293B79A0DE5118324000C293C0BF7" DisplayName="Processes">
    <Folder ID="525DFEBD9A0DE5118324000C293C0BF7" Name="07062015_LoopingTest" ProcGroupID="" AppID="648293B79A0DE5118324000C293C0BF7" Description="" CreatedBy="demo3\administrator" CreatedDate="2015-06-07T21:56:37.837" LastModifiedBy="" LastModifiedDate="0001-01-01T00:00:00Z" ContentType="user\processgroup" ParentFolderID="6C8293B79A0DE5118324000C293C0BF7" DisplayName="07062015_LoopingTest">
      <Folder ID="535DFEBD9A0DE5118324000C293C0BF7" Name="Process Model" ProcGroupID="525DFEBD9A0DE5118324000C293C0BF7" AppID="648293B79A0DE5118324000C293C0BF7" Description="" CreatedBy="demo3\administrator" CreatedDate="2015-06-07T21:56:37.837" LastModifiedBy="" LastModifiedDate="0001-01-01T00:00:00Z" ContentType="application\processmodel" ParentFolderID="525DFEBD9A0DE5118324000C293C0BF7" DisplayName="Process Model">
        <File ID="B332AED4AE0DE5118324000C293C0BF7" Name="LoopingTesting" BaseFileID="5E5DFEBD9A0DE5118324000C293C0BF7" PrevVerFileID="B8F058D7AD0DE5118324000C293C0BF7" AppID="648293B79A0DE5118324000C293C0BF7" ParentFolderID="535DFEBD9A0DE5118324000C293C0BF7" ProcGroupID="525DFEBD9A0DE5118324000C293C0BF7" Description="" Version="1.05" Status="RELEASED" ContentType="user\processmodel" CheckedOutBy="" CheckedOutDate="0001-01-01T00:00:00Z" CreatedDate="2015-06-08T00:20:25.833" CreatedBy="demo3\administrator" LastModifiedDate="2015-06-08T00:21:23.9" LastModifiedBy="demo3\administrator" ThemeID="" ExtraInfo="" DisplayName="LoopingTesting" />
      </Folder>
      <Folder ID="545DFEBD9A0DE5118324000C293C0BF7" Name="Notification" ProcGroupID="525DFEBD9A0DE5118324000C293C0BF7" AppID="648293B79A0DE5118324000C293C0BF7" Description="" CreatedBy="demo3\administrator" CreatedDate="2015-06-07T21:56:37.837" LastModifiedBy="" LastModifiedDate="0001-01-01T00:00:00Z" ContentType="application\notification" ParentFolderID="525DFEBD9A0DE5118324000C293C0BF7" DisplayName="Notification">
        <Folder ID="555DFEBD9A0DE5118324000C293C0BF7" Name="E-mails" ProcGroupID="525DFEBD9A0DE5118324000C293C0BF7" AppID="648293B79A0DE5118324000C293C0BF7" Description="" CreatedBy="demo3\administrator" CreatedDate="2015-06-07T21:56:37.837" LastModifiedBy="" LastModifiedDate="0001-01-01T00:00:00Z" ContentType="application\email" ParentFolderID="545DFEBD9A0DE5118324000C293C0BF7" DisplayName="E-mails">
          <File ID="615DFEBD9A0DE5118324000C293C0BF7" Name="Notification" BaseFileID="615DFEBD9A0DE5118324000C293C0BF7" PrevVerFileID="" AppID="648293B79A0DE5118324000C293C0BF7" ParentFolderID="555DFEBD9A0DE5118324000C293C0BF7" ProcGroupID="525DFEBD9A0DE5118324000C293C0BF7" Description="" Version="1.0" Status="RELEASED" ContentType="user\email" CheckedOutBy="" CheckedOutDate="0001-01-01T00:00:00Z" CreatedDate="2015-06-07T21:56:38.083" CreatedBy="demo3\administrator" LastModifiedDate="2015-06-07T22:06:45.863" LastModifiedBy="demo3\administrator" ThemeID="" ExtraInfo="" DisplayName="Notification" />
          <File ID="635DFEBD9A0DE5118324000C293C0BF7" Name="Confirmation" BaseFileID="635DFEBD9A0DE5118324000C293C0BF7" PrevVerFileID="" AppID="648293B79A0DE5118324000C293C0BF7" ParentFolderID="555DFEBD9A0DE5118324000C293C0BF7" ProcGroupID="525DFEBD9A0DE5118324000C293C0BF7" Description="" Version="1.0" Status="RELEASED" ContentType="user\email" CheckedOutBy="" CheckedOutDate="0001-01-01T00:00:00Z" CreatedDate="2015-06-07T21:56:38.15" CreatedBy="demo3\administrator" LastModifiedDate="2015-06-07T22:06:45.853" LastModifiedBy="demo3\administrator" ThemeID="" ExtraInfo="" DisplayName="Confirmation" />
          <File ID="655DFEBD9A0DE5118324000C293C0BF7" Name="Reminder" BaseFileID="655DFEBD9A0DE5118324000C293C0BF7" PrevVerFileID="" AppID="648293B79A0DE5118324000C293C0BF7" ParentFolderID="555DFEBD9A0DE5118324000C293C0BF7" ProcGroupID="525DFEBD9A0DE5118324000C293C0BF7" Description="" Version="1.0" Status="RELEASED" ContentType="user\email" CheckedOutBy="" CheckedOutDate="0001-01-01T00:00:00Z" CreatedDate="2015-06-07T21:56:38.177" CreatedBy="demo3\administrator" LastModifiedDate="2015-06-07T22:06:45.847" LastModifiedBy="demo3\administrator" ThemeID="" ExtraInfo="" DisplayName="Reminder" />
          <File ID="675DFEBD9A0DE5118324000C293C0BF7" Name="Thank You" BaseFileID="675DFEBD9A0DE5118324000C293C0BF7" PrevVerFileID="" AppID="648293B79A0DE5118324000C293C0BF7" ParentFolderID="555DFEBD9A0DE5118324000C293C0BF7" ProcGroupID="525DFEBD9A0DE5118324000C293C0BF7" Description="" Version="1.0" Status="RELEASED" ContentType="user\email" CheckedOutBy="" CheckedOutDate="0001-01-01T00:00:00Z" CreatedDate="2015-06-07T21:56:38.207" CreatedBy="demo3\administrator" LastModifiedDate="2015-06-07T22:06:45.82" LastModifiedBy="demo3\administrator" ThemeID="" ExtraInfo="" DisplayName="Thank You" />
        </Folder>
        <Folder ID="565DFEBD9A0DE5118324000C293C0BF7" Name="Lync" ProcGroupID="525DFEBD9A0DE5118324000C293C0BF7" AppID="648293B79A0DE5118324000C293C0BF7" Description="" CreatedBy="demo3\administrator" CreatedDate="2015-06-07T21:56:37.837" LastModifiedBy="" LastModifiedDate="0001-01-01T00:00:00Z" ContentType="application\lync" ParentFolderID="545DFEBD9A0DE5118324000C293C0BF7" DisplayName="Lync" />
        <Folder ID="575DFEBD9A0DE5118324000C293C0BF7" Name="Yammer" ProcGroupID="525DFEBD9A0DE5118324000C293C0BF7" AppID="648293B79A0DE5118324000C293C0BF7" Description="" CreatedBy="demo3\administrator" CreatedDate="2015-06-07T21:56:37.837" LastModifiedBy="" LastModifiedDate="0001-01-01T00:00:00Z" ContentType="application\yammer" ParentFolderID="545DFEBD9A0DE5118324000C293C0BF7" DisplayName="Yammer" />
      </Folder>
      <Folder ID="585DFEBD9A0DE5118324000C293C0BF7" Name="Data Model" ProcGroupID="525DFEBD9A0DE5118324000C293C0BF7" AppID="648293B79A0DE5118324000C293C0BF7" Description="" CreatedBy="demo3\administrator" CreatedDate="2015-06-07T21:56:37.837" LastModifiedBy="" LastModifiedDate="0001-01-01T00:00:00Z" ContentType="application\datamodel" ParentFolderID="525DFEBD9A0DE5118324000C293C0BF7" DisplayName="Data Model">
        <File ID="B532AED4AE0DE5118324000C293C0BF7" Name="Schema.xsd" BaseFileID="E7BADE179B0DE5118324000C293C0BF7" PrevVerFileID="BAF058D7AD0DE5118324000C293C0BF7" AppID="648293B79A0DE5118324000C293C0BF7" ParentFolderID="585DFEBD9A0DE5118324000C293C0BF7" ProcGroupID="525DFEBD9A0DE5118324000C293C0BF7" Description="Schema" Version="1.06" Status="RELEASED" ContentType="user\datamodel" CheckedOutBy="" CheckedOutDate="0001-01-01T00:00:00Z" CreatedDate="2015-06-08T00:20:25.94" CreatedBy="demo3\administrator" LastModifiedDate="2015-06-08T00:21:31.017" LastModifiedBy="demo3\administrator" ThemeID="" ExtraInfo="" DisplayName="Schema.xsd" />
      </Folder>
      <Folder ID="595DFEBD9A0DE5118324000C293C0BF7" Name="Data Source" ProcGroupID="525DFEBD9A0DE5118324000C293C0BF7" AppID="648293B79A0DE5118324000C293C0BF7" Description="" CreatedBy="demo3\administrator" CreatedDate="2015-06-07T21:56:37.837" LastModifiedBy="" LastModifiedDate="0001-01-01T00:00:00Z" ContentType="application\datasources" ParentFolderID="525DFEBD9A0DE5118324000C293C0BF7" DisplayName="Data Source" />
      <Folder ID="5A5DFEBD9A0DE5118324000C293C0BF7" Name="Library" ProcGroupID="525DFEBD9A0DE5118324000C293C0BF7" AppID="648293B79A0DE5118324000C293C0BF7" Description="" CreatedBy="demo3\administrator" CreatedDate="2015-06-07T21:56:37.837" LastModifiedBy="" LastModifiedDate="0001-01-01T00:00:00Z" ContentType="application\taskformlibrary" ParentFolderID="525DFEBD9A0DE5118324000C293C0BF7" DisplayName="Library">
        <File ID="B432AED4AE0DE5118324000C293C0BF7" Name="Form Library" BaseFileID="695DFEBD9A0DE5118324000C293C0BF7" PrevVerFileID="B9F058D7AD0DE5118324000C293C0BF7" AppID="648293B79A0DE5118324000C293C0BF7" ParentFolderID="5A5DFEBD9A0DE5118324000C293C0BF7" ProcGroupID="525DFEBD9A0DE5118324000C293C0BF7" Description="The form library contains all the controls added in the task forms in current process group." Version="1.05" Status="RELEASED" ContentType="user\taskformlibrary" CheckedOutBy="" CheckedOutDate="0001-01-01T00:00:00Z" CreatedDate="2015-06-08T00:20:25.937" CreatedBy="demo3\administrator" LastModifiedDate="2015-06-08T00:21:31.047" LastModifiedBy="demo3\administrator" ThemeID="" ExtraInfo="" DisplayName="Form Library" />
      </Folder>
      <Folder ID="5B5DFEBD9A0DE5118324000C293C0BF7" Name="Forms" ProcGroupID="525DFEBD9A0DE5118324000C293C0BF7" AppID="648293B79A0DE5118324000C293C0BF7" Description="" CreatedBy="demo3\administrator" CreatedDate="2015-06-07T21:56:37.837" LastModifiedBy="" LastModifiedDate="0001-01-01T00:00:00Z" ContentType="application\formsgroup" ParentFolderID="525DFEBD9A0DE5118324000C293C0BF7" DisplayName="Forms">
        <Folder ID="5C5DFEBD9A0DE5118324000C293C0BF7" Name="Task Forms" ProcGroupID="525DFEBD9A0DE5118324000C293C0BF7" AppID="648293B79A0DE5118324000C293C0BF7" Description="" CreatedBy="demo3\administrator" CreatedDate="2015-06-07T21:56:37.837" LastModifiedBy="" LastModifiedDate="0001-01-01T00:00:00Z" ContentType="application\taskforms" ParentFolderID="5B5DFEBD9A0DE5118324000C293C0BF7" DisplayName="Task Forms">
          <File ID="F39EEACC9A0DE5118324000C293C0BF7" Name="RepeatableForm" BaseFileID="F39EEACC9A0DE5118324000C293C0BF7" PrevVerFileID="" AppID="648293B79A0DE5118324000C293C0BF7" ParentFolderID="5C5DFEBD9A0DE5118324000C293C0BF7" ProcGroupID="525DFEBD9A0DE5118324000C293C0BF7" Description="" Version="1.0" Status="RELEASED" ContentType="user\taskforms" CheckedOutBy="" CheckedOutDate="0001-01-01T00:00:00Z" CreatedDate="2015-06-07T21:57:02.873" CreatedBy="demo3\administrator" LastModifiedDate="2015-06-07T21:58:18.517" LastModifiedBy="demo3\administrator" ThemeID="" ExtraInfo="" DisplayName="RepeatableForm" />
        </Folder>
      </Folder>
    </Folder>
  </Folder>
</WFEnabledApplication>