<?xml version="1.0"?>
<WFEnabledApplication xmlns:xsd="http://www.w3.org/2001/XMLSchema" xmlns:xsi="http://www.w3.org/2001/XMLSchema-instance" ID="804A485F9982F70C1199B31E9E1922CF" Name="Redirection Application" Description="" Status="RELEASED" CreatedDate="2019-07-30T16:06:18.297" CreatedBy="AP-3VKNWT2\Arvind" AppType="eForms" Visibility="PAAS" ContentType="application" DisplayName="Redirection Application" AppLocale="customlocale" ParentApplicationId="">
  <Folder ID="804A485F9982F70C1199B31E9E1922D0" Name="Shared Resources" ProcGroupID="" AppID="804A485F9982F70C1199B31E9E1922CF" Description="" CreatedBy="AP-3VKNWT2\Arvind" CreatedDate="2019-07-30T16:06:18.3" LastModifiedBy="" LastModifiedDate="0001-01-01T00:00:00Z" ContentType="Any" ParentFolderID="804A485F9982F70C1199B31E9E1922CF" DisplayName="Shared Resources">
    <Folder ID="804A485F9982F70C1199B31E9E1922D1" Name="Style Sheets" ProcGroupID="" AppID="804A485F9982F70C1199B31E9E1922CF" Description="" CreatedBy="AP-3VKNWT2\Arvind" CreatedDate="2019-07-30T16:06:18.3" LastModifiedBy="" LastModifiedDate="0001-01-01T00:00:00Z" ContentType="application\CSS" ParentFolderID="804A485F9982F70C1199B31E9E1922D0" DisplayName="Style Sheets" />
    <Folder ID="804A485F9982F70C1199B31E9E1922D2" Name="JavaScript" ProcGroupID="" AppID="804A485F9982F70C1199B31E9E1922CF" Description="" CreatedBy="AP-3VKNWT2\Arvind" CreatedDate="2019-07-30T16:06:18.3" LastModifiedBy="" LastModifiedDate="0001-01-01T00:00:00Z" ContentType="application\js" ParentFolderID="804A485F9982F70C1199B31E9E1922D0" DisplayName="JavaScript">
      <File ID="804A485F9982F70C1199B3E82D43BBC8" Name="ScriptJS.js" BaseFileID="804A485F9982F70C1199B3E82D43BBC8" PrevVerFileID="" AppID="804A485F9982F70C1199B31E9E1922CF" ParentFolderID="804A485F9982F70C1199B31E9E1922D2" ProcGroupID="" Description="" Version="1.01" Status="RELEASED" ContentType="user\js" CheckedOutBy="" CheckedOutDate="0001-01-01T00:00:00Z" CreatedDate="2019-07-31T16:09:04.18" CreatedBy="AP-3VKNWT2\Arvind" LastModifiedDate="2019-07-31T16:09:41.243" LastModifiedBy="AP-3VKNWT2\Arvind" ThemeID="" ExtraInfo="" DisplayName="ScriptJS.js" />
    </Folder>
    <Folder ID="804A485F9982F70C1199B31E9E1922D3" Name="Images" ProcGroupID="" AppID="804A485F9982F70C1199B31E9E1922CF" Description="" CreatedBy="AP-3VKNWT2\Arvind" CreatedDate="2019-07-30T16:06:18.3" LastModifiedBy="" LastModifiedDate="0001-01-01T00:00:00Z" ContentType="application\image" ParentFolderID="804A485F9982F70C1199B31E9E1922D0" DisplayName="Images" />
    <Folder ID="804A485F9982F70C1199B31E9E1922D4" Name="Access Tokens" ProcGroupID="" AppID="804A485F9982F70C1199B31E9E1922CF" Description="" CreatedBy="AP-3VKNWT2\Arvind" CreatedDate="2019-07-30T16:06:18.3" LastModifiedBy="" LastModifiedDate="0001-01-01T00:00:00Z" ContentType="application\apptoken" ParentFolderID="804A485F9982F70C1199B31E9E1922D0" DisplayName="Access Tokens">
      <File ID="804A485F9982F70C1199B3DF0FB14938" Name="GET_RestWorkflowService" BaseFileID="804A485F9982F70C1199B3DF0FB14938" AppID="804A485F9982F70C1199B31E9E1922CF" ParentFolderID="804A485F9982F70C1199B31E9E1922D4" Description="" Status="RELEASED" ContentType="user\apptoken" CheckedOutDate="0001-01-01T00:00:00Z" CreatedDate="0001-01-01T00:00:00Z" LastModifiedDate="2019-07-31T15:03:50.817" LastModifiedBy="AP-3VKNWT2\Arvind" DisplayName="GET_RestWorkflowService" />
    </Folder>
    <Folder ID="804A485F9982F70C1199B31E9E1922D5" Name="Application Resources" ProcGroupID="" AppID="804A485F9982F70C1199B31E9E1922CF" Description="" CreatedBy="AP-3VKNWT2\Arvind" CreatedDate="2019-07-30T16:06:18.3" LastModifiedBy="" LastModifiedDate="0001-01-01T00:00:00Z" ContentType="application\applicationresources" ParentFolderID="804A485F9982F70C1199B31E9E1922D0" DisplayName="Application Resources" />
  </Folder>
  <Folder ID="804A485F9982F70C1199B31E9E1922D6" Name="Processes" ProcGroupID="" AppID="804A485F9982F70C1199B31E9E1922CF" Description="" CreatedBy="AP-3VKNWT2\Arvind" CreatedDate="2019-07-30T16:06:18.3" LastModifiedBy="" LastModifiedDate="0001-01-01T00:00:00Z" ContentType="application\processgroup" ParentFolderID="804A485F9982F70C1199B31E9E1922CF" DisplayName="Processes">
    <Folder ID="804A485F9982F70C1199B31E9E1922D7" Name="Redirection Application" ProcGroupID="" AppID="804A485F9982F70C1199B31E9E1922CF" Description="" CreatedBy="AP-3VKNWT2\Arvind" CreatedDate="2019-07-30T16:06:18.35" LastModifiedBy="" LastModifiedDate="0001-01-01T00:00:00Z" ContentType="user\processgroup" ParentFolderID="804A485F9982F70C1199B31E9E1922D6" DisplayName="Redirection Application">
      <Folder ID="804A485F9982F70C1199B31E9E1922D8" Name="Process Model" ProcGroupID="804A485F9982F70C1199B31E9E1922D7" AppID="804A485F9982F70C1199B31E9E1922CF" Description="" CreatedBy="AP-3VKNWT2\Arvind" CreatedDate="2019-07-30T16:06:18.35" LastModifiedBy="" LastModifiedDate="0001-01-01T00:00:00Z" ContentType="application\processmodel" ParentFolderID="804A485F9982F70C1199B31E9E1922D7" DisplayName="Process Model">
        <File ID="804A485F9982F70C1199B31EAA233145" Name="Redirection Application Process" BaseFileID="804A485F9982F70C1199B31EAA233145" PrevVerFileID="" AppID="804A485F9982F70C1199B31E9E1922CF" ParentFolderID="804A485F9982F70C1199B31E9E1922D8" ProcGroupID="804A485F9982F70C1199B31E9E1922D7" Description="" Version="1.01" Status="RELEASED" ContentType="user\processmodel" CheckedOutBy="" CheckedOutDate="0001-01-01T00:00:00Z" CreatedDate="2019-07-30T16:06:36.453" CreatedBy="AP-3VKNWT2\Arvind" LastModifiedDate="2019-07-31T15:51:32.003" LastModifiedBy="AP-3VKNWT2\Arvind" ThemeID="" ExtraInfo="" DisplayName="Redirection Application Process" />
      </Folder>
      <Folder ID="804A485F9982F70C1199B31E9E1922D9" Name="Notification" ProcGroupID="804A485F9982F70C1199B31E9E1922D7" AppID="804A485F9982F70C1199B31E9E1922CF" Description="" CreatedBy="AP-3VKNWT2\Arvind" CreatedDate="2019-07-30T16:06:18.35" LastModifiedBy="" LastModifiedDate="0001-01-01T00:00:00Z" ContentType="application\notification" ParentFolderID="804A485F9982F70C1199B31E9E1922D7" DisplayName="Notification">
        <Folder ID="804A485F9982F70C1199B31E9E1922DA" Name="E-mails" ProcGroupID="804A485F9982F70C1199B31E9E1922D7" AppID="804A485F9982F70C1199B31E9E1922CF" Description="" CreatedBy="AP-3VKNWT2\Arvind" CreatedDate="2019-07-30T16:06:18.35" LastModifiedBy="" LastModifiedDate="0001-01-01T00:00:00Z" ContentType="application\email" ParentFolderID="804A485F9982F70C1199B31E9E1922D9" DisplayName="E-mails">
          <File ID="804A485F9982F70C1199B31E9E1922EE" Name="Notification" BaseFileID="804A485F9982F70C1199B31E9E1922EE" PrevVerFileID="" AppID="804A485F9982F70C1199B31E9E1922CF" ParentFolderID="804A485F9982F70C1199B31E9E1922DA" ProcGroupID="804A485F9982F70C1199B31E9E1922D7" Description="" Version="1.01" Status="RELEASED" ContentType="user\email" CheckedOutBy="" CheckedOutDate="0001-01-01T00:00:00Z" CreatedDate="2019-07-30T16:06:18.52" CreatedBy="AP-3VKNWT2\Arvind" LastModifiedDate="2019-07-31T15:58:05.063" LastModifiedBy="AP-3VKNWT2\Arvind" ThemeID="" ExtraInfo="" DisplayName="Notification" />
          <File ID="804A485F9982F70C1199B31E9E1922F1" Name="Confirmation" BaseFileID="804A485F9982F70C1199B31E9E1922F1" PrevVerFileID="" AppID="804A485F9982F70C1199B31E9E1922CF" ParentFolderID="804A485F9982F70C1199B31E9E1922DA" ProcGroupID="804A485F9982F70C1199B31E9E1922D7" Description="" Version="1.01" Status="RELEASED" ContentType="user\email" CheckedOutBy="" CheckedOutDate="0001-01-01T00:00:00Z" CreatedDate="2019-07-30T16:06:18.57" CreatedBy="AP-3VKNWT2\Arvind" LastModifiedDate="2019-07-31T15:58:05.057" LastModifiedBy="AP-3VKNWT2\Arvind" ThemeID="" ExtraInfo="" DisplayName="Confirmation" />
          <File ID="804A485F9982F70C1199B31E9E1922F4" Name="Reminder" BaseFileID="804A485F9982F70C1199B31E9E1922F4" PrevVerFileID="" AppID="804A485F9982F70C1199B31E9E1922CF" ParentFolderID="804A485F9982F70C1199B31E9E1922DA" ProcGroupID="804A485F9982F70C1199B31E9E1922D7" Description="" Version="1.01" Status="RELEASED" ContentType="user\email" CheckedOutBy="" CheckedOutDate="0001-01-01T00:00:00Z" CreatedDate="2019-07-30T16:06:18.613" CreatedBy="AP-3VKNWT2\Arvind" LastModifiedDate="2019-07-31T15:58:05.047" LastModifiedBy="AP-3VKNWT2\Arvind" ThemeID="" ExtraInfo="" DisplayName="Reminder" />
          <File ID="804A485F9982F70C1199B31E9E1922F7" Name="Thank You" BaseFileID="804A485F9982F70C1199B31E9E1922F7" PrevVerFileID="" AppID="804A485F9982F70C1199B31E9E1922CF" ParentFolderID="804A485F9982F70C1199B31E9E1922DA" ProcGroupID="804A485F9982F70C1199B31E9E1922D7" Description="" Version="1.01" Status="RELEASED" ContentType="user\email" CheckedOutBy="" CheckedOutDate="0001-01-01T00:00:00Z" CreatedDate="2019-07-30T16:06:18.66" CreatedBy="AP-3VKNWT2\Arvind" LastModifiedDate="2019-07-31T15:58:05.007" LastModifiedBy="AP-3VKNWT2\Arvind" ThemeID="" ExtraInfo="" DisplayName="Thank You" />
        </Folder>
        <Folder ID="804A485F9982F70C1199B31E9E1922DB" Name="Yammer" ProcGroupID="804A485F9982F70C1199B31E9E1922D7" AppID="804A485F9982F70C1199B31E9E1922CF" Description="" CreatedBy="AP-3VKNWT2\Arvind" CreatedDate="2019-07-30T16:06:18.35" LastModifiedBy="" LastModifiedDate="0001-01-01T00:00:00Z" ContentType="application\yammer" ParentFolderID="804A485F9982F70C1199B31E9E1922D9" DisplayName="Yammer" />
        <Folder ID="804A485F9982F70C1199B31E9E1922DC" Name="Chatter" ProcGroupID="804A485F9982F70C1199B31E9E1922D7" AppID="804A485F9982F70C1199B31E9E1922CF" Description="" CreatedBy="AP-3VKNWT2\Arvind" CreatedDate="2019-07-30T16:06:18.35" LastModifiedBy="" LastModifiedDate="0001-01-01T00:00:00Z" ContentType="application\chatter" ParentFolderID="804A485F9982F70C1199B31E9E1922D9" DisplayName="Chatter" />
        <Folder ID="804A485F9982F70C1199B31E9E1922DD" Name="Lync" ProcGroupID="804A485F9982F70C1199B31E9E1922D7" AppID="804A485F9982F70C1199B31E9E1922CF" Description="" CreatedBy="AP-3VKNWT2\Arvind" CreatedDate="2019-07-30T16:06:18.35" LastModifiedBy="" LastModifiedDate="0001-01-01T00:00:00Z" ContentType="application\lync" ParentFolderID="804A485F9982F70C1199B31E9E1922D9" DisplayName="Skype for Business" />
        <Folder ID="804A485F9982F70C1199B31E9E1922DE" Name="SMS" ProcGroupID="804A485F9982F70C1199B31E9E1922D7" AppID="804A485F9982F70C1199B31E9E1922CF" Description="" CreatedBy="AP-3VKNWT2\Arvind" CreatedDate="2019-07-30T16:06:18.35" LastModifiedBy="" LastModifiedDate="0001-01-01T00:00:00Z" ContentType="application\sms" ParentFolderID="804A485F9982F70C1199B31E9E1922D9" DisplayName="SMS" />
      </Folder>
      <Folder ID="804A485F9982F70C1199B31E9E1922DF" Name="Data Model" ProcGroupID="804A485F9982F70C1199B31E9E1922D7" AppID="804A485F9982F70C1199B31E9E1922CF" Description="" CreatedBy="AP-3VKNWT2\Arvind" CreatedDate="2019-07-30T16:06:18.35" LastModifiedBy="" LastModifiedDate="0001-01-01T00:00:00Z" ContentType="application\datamodel" ParentFolderID="804A485F9982F70C1199B31E9E1922D7" DisplayName="Data Model">
        <File ID="804A485F9982F70C1199B3E82136D092" Name="Schema.xsd" BaseFileID="804A485F9982F70C1199B3E82136D092" PrevVerFileID="" AppID="804A485F9982F70C1199B31E9E1922CF" ParentFolderID="804A485F9982F70C1199B31E9E1922DF" ProcGroupID="804A485F9982F70C1199B31E9E1922D7" Description="" Version="1.03" Status="RELEASED" ContentType="user\datamodel" CheckedOutBy="" CheckedOutDate="0001-01-01T00:00:00Z" CreatedDate="2019-07-31T16:08:40.093" CreatedBy="AP-3VKNWT2\Arvind" LastModifiedDate="2019-07-31T16:09:31.553" LastModifiedBy="AP-3VKNWT2\Arvind" ThemeID="" ExtraInfo="[{&quot;Name&quot; : &quot;NamespaceUpdated&quot; , &quot;Value&quot; : &quot;True&quot;}]" DisplayName="Schema.xsd" />
      </Folder>
      <Folder ID="804A485F9982F70C1199B31E9E1922E0" Name="Data Source" ProcGroupID="804A485F9982F70C1199B31E9E1922D7" AppID="804A485F9982F70C1199B31E9E1922CF" Description="" CreatedBy="AP-3VKNWT2\Arvind" CreatedDate="2019-07-30T16:06:18.35" LastModifiedBy="" LastModifiedDate="0001-01-01T00:00:00Z" ContentType="application\datasources" ParentFolderID="804A485F9982F70C1199B31E9E1922D7" DisplayName="Data Source" />
      <Folder ID="804A485F9982F70C1199B31E9E1922E1" Name="Library" ProcGroupID="804A485F9982F70C1199B31E9E1922D7" AppID="804A485F9982F70C1199B31E9E1922CF" Description="" CreatedBy="AP-3VKNWT2\Arvind" CreatedDate="2019-07-30T16:06:18.35" LastModifiedBy="" LastModifiedDate="0001-01-01T00:00:00Z" ContentType="application\taskformlibrary" ParentFolderID="804A485F9982F70C1199B31E9E1922D7" DisplayName="Library">
        <File ID="804A485F9982F70C1199B3E82136D091" Name="Form Library" BaseFileID="804A485F9982F70C1199B3E82136D091" PrevVerFileID="" AppID="804A485F9982F70C1199B31E9E1922CF" ParentFolderID="804A485F9982F70C1199B31E9E1922E1" ProcGroupID="804A485F9982F70C1199B31E9E1922D7" Description="" Version="1.03" Status="RELEASED" ContentType="user\taskformlibrary" CheckedOutBy="" CheckedOutDate="0001-01-01T00:00:00Z" CreatedDate="2019-07-31T16:08:40.09" CreatedBy="AP-3VKNWT2\Arvind" LastModifiedDate="2019-07-31T16:09:31.52" LastModifiedBy="AP-3VKNWT2\Arvind" ThemeID="" ExtraInfo="" DisplayName="Form Library" />
      </Folder>
      <Folder ID="804A485F9982F70C1199B31E9E1922E2" Name="Forms" ProcGroupID="804A485F9982F70C1199B31E9E1922D7" AppID="804A485F9982F70C1199B31E9E1922CF" Description="" CreatedBy="AP-3VKNWT2\Arvind" CreatedDate="2019-07-30T16:06:18.35" LastModifiedBy="" LastModifiedDate="0001-01-01T00:00:00Z" ContentType="application\formsgroup" ParentFolderID="804A485F9982F70C1199B31E9E1922D7" DisplayName="Forms">
        <Folder ID="804A485F9982F70C1199B31E9E1922E3" Name="Task Forms" ProcGroupID="804A485F9982F70C1199B31E9E1922D7" AppID="804A485F9982F70C1199B31E9E1922CF" Description="" CreatedBy="AP-3VKNWT2\Arvind" CreatedDate="2019-07-30T16:06:18.35" LastModifiedBy="" LastModifiedDate="0001-01-01T00:00:00Z" ContentType="application\taskforms" ParentFolderID="804A485F9982F70C1199B31E9E1922E2" DisplayName="Task Forms">
          <File ID="804A485F9982F70C1199B3E82136D090" Name="Redirect" BaseFileID="804A485F9982F70C1199B3E82136D090" PrevVerFileID="" AppID="804A485F9982F70C1199B31E9E1922CF" ParentFolderID="804A485F9982F70C1199B31E9E1922E3" ProcGroupID="804A485F9982F70C1199B31E9E1922D7" Description="" Version="1.03" Status="RELEASED" ContentType="user\taskforms" CheckedOutBy="" CheckedOutDate="0001-01-01T00:00:00Z" CreatedDate="2019-07-31T16:08:40.067" CreatedBy="AP-3VKNWT2\Arvind" LastModifiedDate="2019-07-31T16:09:31.457" LastModifiedBy="AP-3VKNWT2\Arvind" ThemeID="" ExtraInfo="" DisplayName="Redirect" />
        </Folder>
      </Folder>
      <Folder ID="804A485F9982F70C1199B31E9E1922E4" Name="Lookups" ProcGroupID="804A485F9982F70C1199B31E9E1922D7" AppID="804A485F9982F70C1199B31E9E1922CF" Description="" CreatedBy="AP-3VKNWT2\Arvind" CreatedDate="2019-07-30T16:06:18.35" LastModifiedBy="" LastModifiedDate="0001-01-01T00:00:00Z" ContentType="application\lookup" ParentFolderID="804A485F9982F70C1199B31E9E1922D7" DisplayName="Lookups">
        <File ID="804A485F9982F70C1199B3DF6A0ACB8A" Name="GetProcessInst" BaseFileID="804A485F9982F70C1199B3DF6A0ACB8A" PrevVerFileID="" AppID="804A485F9982F70C1199B31E9E1922CF" ParentFolderID="804A485F9982F70C1199B31E9E1922E4" ProcGroupID="804A485F9982F70C1199B31E9E1922D7" Description="" Version="1.01" Status="RELEASED" ContentType="user\lookupmulticolumn" CheckedOutBy="" CheckedOutDate="0001-01-01T00:00:00Z" CreatedDate="2019-07-31T15:06:24.107" CreatedBy="AP-3VKNWT2\Arvind" LastModifiedDate="2019-07-31T15:58:05.093" LastModifiedBy="AP-3VKNWT2\Arvind" ThemeID="" ExtraInfo="" DisplayName="GetProcessInst" />
      </Folder>
      <Folder ID="804A485F9982F70C1199B31E9E1922E5" Name="Translation" ProcGroupID="804A485F9982F70C1199B31E9E1922D7" AppID="804A485F9982F70C1199B31E9E1922CF" Description="" CreatedBy="AP-3VKNWT2\Arvind" CreatedDate="2019-07-30T16:06:18.35" LastModifiedBy="" LastModifiedDate="0001-01-01T00:00:00Z" ContentType="application\translation" ParentFolderID="804A485F9982F70C1199B31E9E1922D7" DisplayName="Translation" />
      <Folder ID="804A485F9982F70C1199B31E9E1922E6" Name="Document Repository" ProcGroupID="804A485F9982F70C1199B31E9E1922D7" AppID="804A485F9982F70C1199B31E9E1922CF" Description="" CreatedBy="AP-3VKNWT2\Arvind" CreatedDate="2019-07-30T16:06:18.35" LastModifiedBy="" LastModifiedDate="0001-01-01T00:00:00Z" ContentType="application\documentrepository" ParentFolderID="804A485F9982F70C1199B31E9E1922D7" DisplayName="Document Repository" />
      <Folder ID="804A485F9982F70C1199B31E9E1922E7" Name="System Files" ProcGroupID="804A485F9982F70C1199B31E9E1922D7" AppID="804A485F9982F70C1199B31E9E1922CF" Description="" CreatedBy="AP-3VKNWT2\Arvind" CreatedDate="2019-07-30T16:06:18.35" LastModifiedBy="" LastModifiedDate="0001-01-01T00:00:00Z" ContentType="application\hidden" ParentFolderID="804A485F9982F70C1199B31E9E1922D7" DisplayName="System Files" />
    </Folder>
  </Folder>
</WFEnabledApplication>